project_name,category,budget_forecast,latest_budget_changes,total_budget_changes
2014-05,Wastewater Treatment,182980960,-1915400,-9736936
2015-02,Wastewater Treatment,168751769,-14229191,-9736936
2014-01,Wastewater Treatment,113176229,-52501721,-35664433
2014-01,Parks,147488088,-3858150,18216708
2018-03,Schools,99997237,-309044,-7411755
2016-01,Streets and Roadways,38518670,,106000
2016-06,Streets and Roadways,38592670,74000,106000
2016-11,Streets and Roadways,38617670,25000,106000
2017-04,Streets and Roadways,38642670,25000,106000
2017-09,Streets and Roadways,38624670,-18000,106000
2018-03,Streets and Roadways,38624670,0,106000
2016-01,Streets and Roadways,29411000,,-18498107
2016-06,Streets and Roadways,29411000,0,-18498107
2016-11,Streets and Roadways,10134893,-19276107,-18498107
2014-05,Parks,155888088,8400000,18216708
2017-04,Streets and Roadways,10375893,241000,-18498107
2017-09,Streets and Roadways,10016563,-359330,-18498107
2018-03,Streets and Roadways,10912893,896330,-18498107
2016-11,Streets and Roadways,109356670,11843670,602670
2017-04,Streets and Roadways,98740670,-10616000,602670
2017-09,Streets and Roadways,98115670,-625000,602670
2018-03,Streets and Roadways,98115670,0,602670
2017-09,Streets and Roadways,54138000,147000,147000
2018-03,Streets and Roadways,54138000,0,147000
2018-03,Bridges,47279974,79087,79087
2015-02,Parks,170586053,14697965,18216708
2017-09,"Bridges, Streets and Roadways",58756062,300,86300
2018-03,"Bridges, Streets and Roadways",58842062,86000,86300
2017-09,"Bridges, Streets and Roadways",56521020,-274000,-275000
2018-03,"Bridges, Streets and Roadways",56520020,-1000,-275000
2016-11,Other Government Facilities,33026000,0,73142823
2017-04,Other Government Facilities,101269000,68243000,73142823
2017-09,Other Government Facilities,108799823,7530823,73142823
2018-03,Other Government Facilities,106168823,-2631000,73142823
2016-11,Other Government Facilities,80499000,0,167332621
2017-04,Other Government Facilities,126411000,45912000,167332621
2015-08,Parks,175098274,4512221,18216708
2017-09,Other Government Facilities,233584544,107173544,167332621
2018-03,Other Government Facilities,247831621,14247077,167332621
2017-04,Other Government Facilities,47040232,3730232,14193747
2017-09,Other Government Facilities,39623232,-7417000,14193747
2018-03,Other Government Facilities,57503747,17880515,14193747
2016-06,Other Government Facilities,29341000,,6558000
2016-11,Other Government Facilities,29341000,0,6558000
2017-04,Other Government Facilities,24698000,-4643000,6558000
2017-09,Other Government Facilities,34403887,9705887,6558000
2018-03,Other Government Facilities,35899000,1495113,6558000
2016-01,Parks,171240124,-3858150,18216708
2016-06,Water Supply,43347000,,1097000
2016-11,Water Supply,43902000,555000,1097000
2017-04,Water Supply,44444000,542000,1097000
2017-09,Water Supply,44444000,0,1097000
2018-03,Water Supply,44444000,0,1097000
2016-06,Industrial Development,53324000,,892000
2016-11,Industrial Development,55495000,2171000,892000
2017-04,Industrial Development,54216000,-1279000,892000
2017-09,Industrial Development,54216000,0,892000
2018-03,Industrial Development,54216000,0,892000
2016-06,Parks,171240124,0,18216708
2016-06,Industrial Development,38153000,,1274000
2016-11,Industrial Development,39427000,1274000,1274000
2017-04,Industrial Development,39427000,0,1274000
2017-09,Industrial Development,39427000,0,1274000
2018-03,Industrial Development,39427000,0,1274000
2016-06,Sewers,34696000,,885000
2016-11,Sewers,34892804,196804,885000
2017-04,Sewers,35880000,987196,885000
2017-09,Sewers,35581000,-299000,885000
2018-03,Sewers,35581000,0,885000
2016-11,Parks,169038757,-2201367,18216708
2016-11,Streets and Roadways,30359852,484348,9264496
2017-04,Streets and Roadways,37375000,7015148,9264496
2017-09,Streets and Roadways,39140000,1765000,9264496
2018-03,Streets and Roadways,39140000,0,9264496
2016-06,Streets and Roadways,31679000,,-856000
2016-11,Streets and Roadways,30718000,-961000,-856000
2017-04,Streets and Roadways,30718000,0,-856000
2017-09,Streets and Roadways,30823000,105000,-856000
2018-03,Streets and Roadways,30823000,0,-856000
2016-06,Water Supply,43762000,,1250000
2017-04,Parks,168098859,-939898,18216708
2016-11,Water Supply,45016000,1254000,1250000
2017-04,Water Supply,45013000,-3000,1250000
2017-09,Water Supply,45012000,-1000,1250000
2018-03,Water Supply,45012000,0,1250000
2016-06,Wastewater Treatment,45499538,,-4390850
2016-11,Wastewater Treatment,46208326,708788,-4390850
2017-04,Wastewater Treatment,41557728,-4650598,-4390850
2017-09,Wastewater Treatment,47108394,5550666,-4390850
2018-03,Wastewater Treatment,41108688,-5999706,-4390850
2017-09,Bridges,9897000,0,486000
2017-09,Parks,167755190,-343669,18216708
2018-03,Bridges,10383000,486000,486000
2016-06,Streets and Roadways,39266138,,-15767639
2016-11,Streets and Roadways,41262989,1996850,-15767639
2017-04,Streets and Roadways,38628535,-2634454,-15767639
2017-09,Streets and Roadways,22382139,-16246396,-15767639
2018-03,Streets and Roadways,23498499,1116360,-15767639
2016-06,Streets and Roadways,63839662,,-23551751
2016-11,Streets and Roadways,63407662,-432000,-23551751
2017-04,Streets and Roadways,40372464,-23035197,-23551751
2017-09,Streets and Roadways,40672495,300031,-23551751
2018-03,Parks,169562946,1807757,18216708
2018-03,Streets and Roadways,40287911,-384584,-23551751
2017-09,Parks,312992000,0,35412421
2018-03,Parks,348404421,35412421,35412421
2016-06,Bridges,125044043,,-1399038
2016-11,Bridges,124900005,-144039,-1399038
2017-04,Bridges,122820005,-2080000,-1399038
2017-09,Bridges,122897559,77554,-1399038
2018-03,Bridges,123645005,747446,-1399038
2018-03,"Bridges, Streets and Roadways",39299321,249321,249321
2017-09,"Bridges, Streets and Roadways",358691000,0,-952257
2014-05,Wastewater Treatment,106711230,-6464999,-35664433
2013-09,Bridges,374745267,,-26969866
2018-03,"Bridges, Streets and Roadways",357738743,-952257,-952257
2016-06,"Bridges, Streets and Roadways",51665107,,647260
2016-11,"Bridges, Streets and Roadways",51547367,-117740,647260
2017-04,"Bridges, Streets and Roadways",52187367,640000,647260
2017-09,"Bridges, Streets and Roadways",52313107,125740,647260
2018-03,"Bridges, Streets and Roadways",52312367,-740,647260
2016-06,Industrial Development,26776342,,-4796000
2016-11,Industrial Development,26824487,48145,-4796000
2017-04,Industrial Development,21312417,-5512070,-4796000
2017-09,Industrial Development,21023561,-288856,-4796000
2014-01,Bridges,364637687,-10107580,-26969866
2018-03,Industrial Development,21980342,956781,-4796000
2016-06,Industrial Development,50941375,,739046
2016-11,Industrial Development,42407946,-8533429,739046
2017-04,Industrial Development,51038881,8630935,739046
2017-09,Industrial Development,50941375,-97506,739046
2018-03,Industrial Development,51680421,739046,739046
2016-06,Schools,73055219,,12783582
2016-11,Schools,73062791,7572,12783582
2017-04,Schools,73068357,5566,12783582
2018-03,Schools,85838801,12770444,12783582
2014-05,Bridges,328144413,-36493274,-26969866
2016-06,Schools,116316338,,-12524446
2016-11,Schools,116459521,143183,-12524446
2017-04,Schools,116587494,127973,-12524446
2018-03,Schools,103791892,-12795602,-12524446
2016-06,IT,29011745,,295439
2016-11,IT,29011745,0,295439
2017-04,IT,29011745,0,295439
2017-09,IT,29011745,0,295439
2018-03,IT,29307184,295439,295439
2017-09,Water Supply,1245612532,68947854,277803037
2015-02,Bridges,340072605,11928192,-26969866
2018-03,Water Supply,1454467715,208855183,277803037
2017-04,Streets and Roadways,1905650678,-4688437,21219461
2017-09,Streets and Roadways,1930441114,24790436,21219461
2018-03,Streets and Roadways,1931558576,1117462,21219461
2017-09,"Bridges, Streets and Roadways",67602000,0,7241394
2018-03,"Bridges, Streets and Roadways",74843394,7241394,7241394
2017-09,Streets and Roadways,24984000,0,0
2018-03,Streets and Roadways,24984000,0,0
2016-11,Sanitation,178760628,,41411915
2017-04,Sanitation,178760628,0,41411915
2015-08,Bridges,665973341,325900736,-26969866
2017-09,Sanitation,178760628,0,41411915
2018-03,Sanitation,220172543,41411915,41411915
2016-11,Industrial Development,665168171,,586229
2017-04,Industrial Development,665168171,0,586229
2018-03,IT,43919632,-2138016,0
2017-09,Industrial Development,665168171,0,586229
2018-03,Industrial Development,665754400,586229,586229
2016-11,Industrial Development,81159381,,1072860
2017-04,Industrial Development,81159381,0,1072860
2017-09,Industrial Development,81159381,0,1072860
2016-01,Bridges,384115608,-281857733,-26969866
2018-03,Industrial Development,82232241,1072860,1072860
2016-11,Schools,71746188,,-10649364
2017-04,Schools,77763611,6017423,-10649364
2018-03,Schools,61096824,-16666787,-10649364
2016-11,Schools,43640080,,-7251714
2017-04,Schools,40336080,-3304000,-7251714
2018-03,Schools,36388366,-3947714,-7251714
2016-11,Schools,105770072,,-1556342
2017-04,Schools,105744368,-25704,-1556342
2018-03,Schools,104213730,-1530638,-1556342
2016-06,Bridges,398990918,14875310,-26969866
2016-11,Schools,34937390,,1923145
2017-04,Schools,38797242,3859852,1923145
2018-03,Schools,36860535,-1936707,1923145
2016-11,Streets and Roadways,,,-250676
2017-04,Streets and Roadways,28932000,,-250676
2017-09,Streets and Roadways,26982000,-1950000,-250676
2018-03,Streets and Roadways,28681324,1699324,-250676
2017-04,IT,43919632,,0
2017-09,IT,46057648,2138016,0
2017-09,Sanitation,291383225,-1066575,-1066575
2016-11,Bridges,373013918,-25977000,-26969866
2018-03,Sanitation,291383225,0,-1066575
2017-04,Industrial Development,5866058,,31633942
2017-09,Industrial Development,37500000,31633942,31633942
2018-03,Industrial Development,37500000,0,31633942
2017-04,Industrial Development,84520367,,0
2017-09,Industrial Development,84520367,0,0
2018-03,Industrial Development,84520367,0,0
2017-04,Schools,57761589,,1919399
2018-03,Schools,59680988,1919399,1919399
2017-09,Wastewater Treatment,320921000,0,114610400
2018-03,Bridges,347775401,12971481,-26969866
2018-03,Wastewater Treatment,435531400,114610400,114610400
2017-04,Bridges,300246942,,34069000
2017-09,Bridges,300871942,625000,34069000
2018-03,Bridges,334315942,33444000,34069000
2017-04,"Parks, Streets and Roadways",42379126,,74530
2017-09,"Parks, Streets and Roadways",42329126,-50000,74530
2018-03,"Parks, Streets and Roadways",42453656,124530,74530
2017-09,Streets and Roadways,50084283,1,-15486
2018-03,Streets and Roadways,50068796,-15487,-15486
2017-09,"Bridges, Streets and Roadways",65500000,0,0
2013-09,Bridges,270351393,,-7913373
2018-03,"Bridges, Streets and Roadways",65500000,0,0
2017-04,Bridges,112110043,,20052730
2017-09,Bridges,130828094,18718051,20052730
2018-03,Bridges,132162773,1334679,20052730
2017-04,"Bridges, Streets and Roadways",361933233,,26213000
2017-09,"Bridges, Streets and Roadways",373837381,11904148,26213000
2018-03,"Bridges, Streets and Roadways",388146233,14308852,26213000
2017-09,Public Safety and Criminal Justice,28796000,0,0
2018-03,Public Safety and Criminal Justice,28796000,0,0
2017-09,Water Supply,813000,,-813000
2015-02,Wastewater Treatment,107854527,1143297,-35664433
2014-01,Bridges,251463833,-18887560,-7913373
2018-03,Water Supply,0,-813000,-813000
2017-09,Public Safety and Criminal Justice,33506000,,-3229000
2018-03,Public Safety and Criminal Justice,30277000,-3229000,-3229000
2017-09,Water Supply,40241000,,0
2018-03,Water Supply,40241000,0,0
2017-09,Water Supply,33010000,,0
2018-03,Water Supply,33010000,0,0
2017-09,Industrial Development,30933000,,0
2018-03,Industrial Development,30933000,0,0
2017-09,Bridges,126613000,,0
2014-05,Bridges,274673840,23210007,-7913373
2017-09,Industrial Development,75466000,,0
2018-03,Industrial Development,75466000,0,0
2017-09,Industrial Development,71842000,,0
2018-03,Industrial Development,71842000,0,0
2017-09,Industrial Development,26914000,,0
2018-03,Industrial Development,26914000,0,0
2017-09,"Industrial Development, Streets and Roadways",25482000,,0
2018-03,"Industrial Development, Streets and Roadways",25482000,0,0
2017-09,Industrial Development,25743000,,0
2018-03,Industrial Development,25743000,0,0
2015-02,Bridges,268887840,-5786000,-7913373
2017-09,Water Supply,29230000,,0
2018-03,Water Supply,29230000,0,0
2017-09,Water Supply,30308000,,0
2018-03,Water Supply,30308000,0,0
2017-09,Water Supply,31354000,,0
2018-03,Water Supply,31354000,0,0
2017-09,Industrial Development,31529000,,3151000
2018-03,Industrial Development,34680000,3151000,3151000
2017-09,Industrial Development,37793000,,0
2018-03,Industrial Development,37793000,0,0
2015-08,Bridges,267328840,-1559000,-7913373
2018-03,Bridges,126613000,0,0
2017-09,Public Safety and Criminal Justice,71000000,,4845700
2018-03,Public Safety and Criminal Justice,75845700,4845700,4845700
2017-09,Other Government Facilities,33544000,,0
2018-03,Other Government Facilities,33544000,0,0
2017-09,Industrial Development,26280000,,0
2018-03,Industrial Development,26280000,0,0
2017-09,Other Government Facilities,31529000,,0
2018-03,Other Government Facilities,31529000,0,0
2017-09,Water Supply,34354000,,0
2016-01,Bridges,267328840,0,-7913373
2018-03,Water Supply,34354000,0,0
2017-09,Streets and Roadways,26329000,,0
2018-03,Streets and Roadways,26329000,0,0
2017-09,Sewers,50009000,,0
2018-03,Sewers,50009000,0,0
2017-09,Sewers,46437000,,0
2018-03,Sewers,46437000,0,0
2017-09,Sewers,69282000,,0
2018-03,Sewers,69282000,0,0
2017-09,Sewers,59922000,,0
2016-06,Bridges,267636532,307692,-7913373
2018-03,Sewers,59922000,0,0
2017-09,Sewers,62967000,,0
2018-03,Sewers,62967000,0,0
2017-09,Industrial Development,62013000,,0
2018-03,Industrial Development,62013000,0,0
2017-09,Sewers,27129000,,0
2018-03,Sewers,27129000,0,0
2017-09,Sewers,27024000,,0
2018-03,Sewers,27024000,0,0
2017-09,Sewers,28689000,,0
2016-11,Bridges,267239532,-397000,-7913373
2018-03,Sewers,28689000,0,0
2017-09,Sewers,29694000,,0
2018-03,Sewers,29694000,0,0
2017-09,Sewers,37642120,,5880
2018-03,Sewers,37648000,5880,5880
2017-09,Sewers,30611000,,0
2018-03,Sewers,30611000,0,0
2017-09,Sewers,34313000,,0
2018-03,Sewers,34313000,0,0
2017-09,Other Government Facilities,77176000,,13934000
2017-04,Bridges,267239532,0,-7913373
2018-03,Other Government Facilities,91110000,13934000,13934000
2017-09,Industrial Development,26762800,,1234305
2018-03,Industrial Development,27997104,1234305,1234305
2017-09,Industrial Development,34065971,,-17015749
2018-03,Industrial Development,17050222,-17015749,-17015749
2018-03,Schools,96134471,,
2018-03,Schools,63114450,,
2017-09,Wastewater Treatment,31626944,,-916944
2018-03,Wastewater Treatment,30710000,-916944,-916944
2017-09,Industrial Development,60422401,,0
2017-09,Bridges,267239532,0,-7913373
2018-03,Industrial Development,60422401,0,0
2017-09,"Industrial Development, Public Safety and Criminal Justice",57724000,,-904000
2018-03,"Industrial Development, Public Safety and Criminal Justice",56820000,-904000,-904000
2018-03,Streets and Roadways,49783734,1076302,1076302
2017-09,Streets and Roadways,28670000,,-5234000
2018-03,Streets and Roadways,23436000,-5234000,-5234000
2018-03,Streets and Roadways,41210000,2070000,2070000
2018-03,Streets and Roadways,10482000,-19253000,-19253000
2017-09,Streets and Roadways,38175000,,-12297000
2018-03,Streets and Roadways,25878000,-12297000,-12297000
2018-03,Bridges,262438020,-4801512,-7913373
2017-09,Ferries,77450000,,0
2018-03,Ferries,77450000,0,0
2018-03,Wastewater Treatment,61612778,,
2018-03,Wastewater Treatment,41689486,,
2018-03,Health and Hospitals,289117990,,
2018-03,Public Safety and Criminal Justice,40048000,,
2018-03,Other Government Facilities,59102000,,
2018-03,"Sewers, Streets and Roadways, Water Supply",54300000,,
2018-03,Streets and Roadways,37796000,,
2018-03,Streets and Roadways,60303000,,
2015-08,Wastewater Treatment,111398809,3544282,-35664433
2015-02,Ferries,244317052,-16306318,83455477
2018-03,Streets and Roadways,26399000,,
2018-03,Industrial Development,58786000,,
2018-03,Industrial Development,37039000,,
2018-03,Bridges,64905000,,
2018-03,Other Government Facilities,25844000,,
2018-03,Streets and Roadways,51176000,,
2018-03,Wastewater Treatment,47758000,,
2018-03,Wastewater Treatment,32709000,,
2018-03,Streets and Roadways,53068000,,
2018-03,Public Safety and Criminal Justice,76911099,,
2015-08,Ferries,327552000,83234948,83455477
2018-03,Water Supply,23159000,,
2018-03,Water Supply,27930000,,
2018-03,Water Supply,34476000,,
2018-03,Sanitation,138144000,,
2018-03,Sanitation,37825000,,
2018-03,Streets and Roadways,22225000,,
2018-03,Industrial Development,510854000,,
2018-03,Wastewater Treatment,129607000,,
2018-03,Wastewater Treatment,77008000,,
2018-03,Wastewater Treatment,59181000,,
2016-01,Ferries,331987273,4435273,83455477
2018-03,Wastewater Treatment,1699000,,
2018-03,Wastewater Treatment,49022000,,
2018-03,Wastewater Treatment,37957000,,
2018-03,Wastewater Treatment,29400000,,
2018-03,Wastewater Treatment,38309000,,
2018-03,Wastewater Treatment,0,,
2018-03,"Bridges, Streets and Roadways",250905250,,
2018-03,Streets and Roadways,81709000,,
2018-03,Streets and Roadways,26969000,,
2018-03,Bridges,38321339,,
2016-06,Ferries,347408273,15421000,83455477
2018-03,Bridges,30038945,,
2018-03,Schools,90381391,,
2018-03,Schools,102714402,,
2018-03,Schools,27257969,,
2018-03,Schools,91594829,,
2018-03,Schools,50918140,,
2018-03,Schools,117171000,,
2018-03,"Streets and Roadways, Water Supply",38792000,,
2018-03,Streets and Roadways,74377000,,
2016-11,Ferries,350642273,3234000,83455477
2015-08,"Bridges, Streets and Roadways",198843973,274012,144896605
2017-04,Ferries,348488982,-2153290,83455477
2017-09,Ferries,348374272,-114710,83455477
2018-03,Ferries,344078847,-4295425,83455477
2013-09,Bridges,121788554,,27769441
2017-04,Bridges,336694918,-36319000,-26969866
2014-01,Bridges,153214873,31426319,27769441
2014-05,Bridges,149290834,-3924039,27769441
2015-02,Bridges,145945448,-3345386,27769441
2015-08,Bridges,145132848,-812600,27769441
2016-01,Bridges,146311090,1178242,27769441
2016-06,Bridges,146196027,-115063,27769441
2016-11,Bridges,147340186,1144159,27769441
2017-04,Bridges,148030519,690333,27769441
2017-09,Bridges,144458186,-3572333,27769441
2018-03,Bridges,149557995,5099809,27769441
2016-01,Wastewater Treatment,117901711,6502902,-35664433
2013-09,"Bridges, Streets and Roadways",151775497,,144896605
2014-01,"Bridges, Streets and Roadways",152871246,1095749,144896605
2014-05,"Bridges, Streets and Roadways",195217224,42345978,144896605
2015-02,"Bridges, Streets and Roadways",198569961,3352737,144896605
2016-01,"Bridges, Streets and Roadways",247449773,48605800,144896605
2016-06,"Bridges, Streets and Roadways",268299502,20849730,144896605
2016-11,"Bridges, Streets and Roadways",335764502,67465000,144896605
2017-04,"Bridges, Streets and Roadways",324042015,-11722488,144896605
2017-09,"Bridges, Streets and Roadways",323745502,-296513,144896605
2018-03,"Bridges, Streets and Roadways",296672102,-27073400,144896605
2016-06,Wastewater Treatment,118302224,400513,-35664433
2013-09,Bridges,149425423,,3037698
2014-01,Bridges,158552218,9126795,3037698
2014-05,Bridges,166658497,8106279,3037698
2015-02,Bridges,158427497,-8231000,3037698
2015-08,Bridges,157574497,-853000,3037698
2016-01,Bridges,157174497,-400000,3037698
2016-06,Bridges,157264121,89624,3037698
2016-11,Bridges,152564121,-4700000,3037698
2017-04,Bridges,152564121,0,3037698
2017-09,Bridges,152564121,0,3037698
2016-11,Wastewater Treatment,120287562,1985338,-35664433
2018-03,Bridges,152463121,-101000,3037698
2013-09,Bridges,154193237,,-19171071
2014-01,Bridges,164719707,10526470,-19171071
2014-05,Bridges,259761416,95041709,-19171071
2015-02,Bridges,156552282,-103209134,-19171071
2015-08,Bridges,156552282,0,-19171071
2016-01,Bridges,156420762,-131520,-19171071
2016-06,Bridges,157226414,805652,-19171071
2016-11,Bridges,156886414,-340000,-19171071
2017-04,Bridges,159902681,3016267,-19171071
2017-04,Wastewater Treatment,131065311,10777749,-35664433
2017-09,Bridges,151907419,-7995262,-19171071
2018-03,Bridges,135022166,-16885253,-19171071
2013-09,Bridges,123384000,,-18591382
2014-01,Bridges,121403787,-1980213,-18591382
2014-05,Bridges,147808339,26404552,-18591382
2015-02,Bridges,142097340,-5710999,-18591382
2015-08,Bridges,201932564,59835224,-18591382
2016-01,Bridges,107601529,-94331035,-18591382
2016-06,Bridges,108380157,778628,-18591382
2016-11,Bridges,106791910,-1588247,-18591382
2017-09,Wastewater Treatment,133762688,2697377,-35664433
2017-04,Bridges,106740014,-51896,-18591382
2017-09,Bridges,105436907,-1303107,-18591382
2018-03,Bridges,104792618,-644289,-18591382
2013-09,Bridges,218440431,,-39127152
2014-01,Bridges,202934758,-15505673,-39127152
2014-05,Bridges,206244752,3309994,-39127152
2015-02,Bridges,278258535,72013783,-39127152
2015-08,Bridges,278215782,-42753,-39127152
2016-01,Bridges,163899535,-114316247,-39127152
2016-06,Bridges,166424200,2524664,-39127152
2015-08,Wastewater Treatment,165532447,-3219322,-9736936
2018-03,Wastewater Treatment,130013517,-3749172,-35664433
2016-11,Bridges,181870200,15446000,-39127152
2017-04,Bridges,180527846,-1342353,-39127152
2017-09,Bridges,181436085,908239,-39127152
2018-03,Bridges,179313279,-2122806,-39127152
2013-09,Bridges,109236000,,91034457
2014-01,Bridges,107027029,-2208971,91034457
2014-05,Bridges,110325563,3298534,91034457
2015-02,Bridges,109215563,-1110000,91034457
2015-08,Bridges,109294563,79000,91034457
2016-01,Bridges,168353563,59059000,91034457
2013-09,Wastewater Treatment,53493000,,13064304
2016-06,Bridges,169946546,1592983,91034457
2016-11,Bridges,169681546,-265000,91034457
2017-04,Bridges,168597457,-1084089,91034457
2017-09,Bridges,191951546,23354089,91034457
2018-03,Bridges,200270457,8318911,91034457
2013-09,Bridges,82226413,,4296357
2014-01,Bridges,85364391,3137978,4296357
2014-05,Bridges,98214308,12849917,4296357
2015-02,Bridges,83593308,-14621000,4296357
2015-08,Bridges,88528308,4935000,4296357
2014-01,Wastewater Treatment,58018000,4525000,13064304
2016-01,Bridges,86848308,-1680000,4296357
2016-06,Bridges,87197308,349000,4296357
2016-11,Bridges,86778308,-419000,4296357
2017-04,Bridges,86603308,-175000,4296357
2017-09,Bridges,86528307,-75001,4296357
2018-03,Bridges,86522770,-5537,4296357
2013-09,"Bridges, Streets and Roadways",37492000,,64539725
2014-01,"Bridges, Streets and Roadways",39992427,2500427,64539725
2014-05,"Bridges, Streets and Roadways",43934930,3942503,64539725
2015-02,"Bridges, Streets and Roadways",69104930,25170000,64539725
2014-05,Wastewater Treatment,53726722,-4291278,13064304
2015-08,"Bridges, Streets and Roadways",68943455,-161475,64539725
2016-01,"Bridges, Streets and Roadways",70333455,1390000,64539725
2016-06,"Bridges, Streets and Roadways",76470455,6137000,64539725
2016-11,"Bridges, Streets and Roadways",79407410,2936954,64539725
2017-04,"Bridges, Streets and Roadways",74154410,-5253000,64539725
2017-09,"Bridges, Streets and Roadways",99210455,25056045,64539725
2018-03,"Bridges, Streets and Roadways",102031725,2821270,64539725
2013-09,"Bridges, Streets and Roadways",58259000,,22051944
2014-01,"Bridges, Streets and Roadways",62914686,4655686,22051944
2014-05,"Bridges, Streets and Roadways",62500136,-414550,22051944
2015-02,Wastewater Treatment,52668403,-1058319,13064304
2015-02,"Bridges, Streets and Roadways",62601664,101528,22051944
2015-08,"Bridges, Streets and Roadways",63911397,1309733,22051944
2016-01,"Bridges, Streets and Roadways",63857397,-54000,22051944
2016-06,"Bridges, Streets and Roadways",65745169,1887772,22051944
2016-11,"Bridges, Streets and Roadways",123782169,58037000,22051944
2017-04,"Bridges, Streets and Roadways",80133352,-43648817,22051944
2017-09,"Bridges, Streets and Roadways",78620169,-1513183,22051944
2018-03,"Bridges, Streets and Roadways",80310944,1690775,22051944
2015-02,"Bridges, Streets and Roadways",61507424,6801424,104651469
2015-08,"Bridges, Streets and Roadways",64057424,2550000,104651469
2015-08,Wastewater Treatment,63980485,11312082,13064304
2016-01,"Bridges, Streets and Roadways",83857407,19799983,104651469
2016-06,"Bridges, Streets and Roadways",84072407,215000,104651469
2016-11,"Bridges, Streets and Roadways",85356603,1284196,104651469
2017-04,"Bridges, Streets and Roadways",145663603,60307000,104651469
2017-09,"Bridges, Streets and Roadways",162834407,17170804,104651469
2018-03,"Bridges, Streets and Roadways",159357469,-3476938,104651469
2016-01,Bridges,53092096,-1417209,-9767084
2016-06,Bridges,52342090,-750006,-9767084
2016-11,Bridges,53044090,702000,-9767084
2017-04,Bridges,55163090,2119000,-9767084
2016-01,Wastewater Treatment,63111785,-868700,13064304
2017-09,Bridges,44694090,-10469000,-9767084
2018-03,Bridges,44742221,48131,-9767084
2013-09,Bridges,54312146,,13686250
2014-01,Bridges,52066411,-2245735,13686250
2014-05,Bridges,53766697,1700286,13686250
2015-02,Bridges,60055958,6289261,13686250
2015-08,Bridges,106854162,46798204,13686250
2016-01,Bridges,65743223,-41110939,13686250
2016-06,Bridges,62097223,-3646000,13686250
2016-11,Bridges,65149223,3052000,13686250
2016-06,Wastewater Treatment,62301672,-810113,13064304
2017-04,Bridges,64926486,-222737,13686250
2017-09,Bridges,65164223,237737,13686250
2018-03,Bridges,67998396,2834173,13686250
2013-09,Bridges,72214465,,47110107
2014-01,Bridges,72214465,0,47110107
2014-05,Bridges,900000,-71314465,47110107
2015-02,Bridges,79399355,78499355,47110107
2015-08,Bridges,80348036,948681,47110107
2016-01,Bridges,73838128,-6509908,47110107
2016-06,Bridges,101643887,27805759,47110107
2016-11,Wastewater Treatment,63165212,863540,13064304
2016-11,Bridges,101107887,-536000,47110107
2017-04,Bridges,116587642,15479755,47110107
2017-09,Bridges,130276886,13689244,47110107
2018-03,Bridges,119324572,-10952314,47110107
2013-09,Bridges,50286000,,16427241
2014-01,Bridges,50286000,0,16427241
2014-05,Bridges,52260602,1974602,16427241
2015-02,Bridges,53648551,1387949,16427241
2015-08,Streets and Roadways,72004000,-1945000,10505000
2015-08,Bridges,65710551,12062000,16427241
2017-04,Wastewater Treatment,63438806,273594,13064304
2016-01,Bridges,65434551,-276000,16427241
2016-06,Bridges,65702487,267935,16427241
2016-11,Bridges,70687487,4985000,16427241
2017-04,Bridges,71533241,845754,16427241
2017-09,Bridges,66085487,-5447754,16427241
2018-03,Bridges,66713241,627754,16427241
2013-09,"Bridges, Streets and Roadways",65392459,,-28960989
2014-01,"Bridges, Streets and Roadways",42293178,-23099281,-28960989
2014-05,"Bridges, Streets and Roadways",44777444,2484266,-28960989
2015-02,"Bridges, Streets and Roadways",20463760,-24313684,-28960989
2016-01,Wastewater Treatment,169276391,3743944,-9736936
2017-09,Wastewater Treatment,66806759,3367953,13064304
2015-08,"Bridges, Streets and Roadways",55414760,34951000,-28960989
2016-01,"Bridges, Streets and Roadways",55811760,397000,-28960989
2016-06,"Bridges, Streets and Roadways",44782079,-11029680,-28960989
2016-11,"Bridges, Streets and Roadways",58550161,13768082,-28960989
2017-04,"Bridges, Streets and Roadways",37532160,-21018001,-28960989
2017-09,"Bridges, Streets and Roadways",35102261,-2429899,-28960989
2018-03,"Bridges, Streets and Roadways",36431470,1329209,-28960989
2017-09,"Bridges, Streets and Roadways",81252000,0,843000
2018-03,"Bridges, Streets and Roadways",82095000,843000,843000
2013-09,Streets and Roadways,65328000,,21711000
2018-03,Wastewater Treatment,66557304,-249455,13064304
2014-01,Streets and Roadways,66310000,982000,21711000
2014-05,Streets and Roadways,68919000,2609000,21711000
2015-02,Streets and Roadways,72267000,3348000,21711000
2015-08,Streets and Roadways,71820000,-447000,21711000
2016-01,Streets and Roadways,85985000,14165000,21711000
2016-06,Streets and Roadways,86987000,1002000,21711000
2016-11,Streets and Roadways,88256000,1269000,21711000
2017-04,Streets and Roadways,88155000,-101000,21711000
2017-09,Streets and Roadways,87039000,-1116000,21711000
2018-03,Streets and Roadways,87039000,0,21711000
2013-09,Water Supply,66616435,,2979083
2013-09,Streets and Roadways,70280000,,10505000
2014-01,Streets and Roadways,69090000,-1190000,10505000
2014-05,Streets and Roadways,82440000,13350000,10505000
2015-02,Streets and Roadways,73949000,-8491000,10505000
2016-01,Streets and Roadways,82704000,10700000,10505000
2016-06,Streets and Roadways,82047000,-657000,10505000
2016-11,Streets and Roadways,81664000,-383000,10505000
2017-04,Streets and Roadways,80143000,-1521000,10505000
2017-09,Streets and Roadways,120773000,40630000,10505000
2018-03,Streets and Roadways,80785000,-39988000,10505000
2014-01,Water Supply,69860833,3244398,2979083
2013-09,Water Supply,297255000,,41273000
2014-01,Water Supply,293643000,-3612000,41273000
2014-05,Water Supply,300524000,6881000,41273000
2015-02,Water Supply,300366000,-158000,41273000
2015-08,Water Supply,300375000,9000,41273000
2016-01,Water Supply,337888000,37513000,41273000
2016-06,Water Supply,332329000,-5559000,41273000
2016-11,Water Supply,337940000,5611000,41273000
2017-04,Water Supply,338763000,823000,41273000
2017-09,Water Supply,338528000,-235000,41273000
2014-05,Water Supply,63554849,-6305984,2979083
2018-03,Water Supply,338528000,0,41273000
2013-09,Streets and Roadways,55400500,,-27841500
2014-01,Streets and Roadways,18171000,-37229500,-27841500
2014-05,Streets and Roadways,18371000,200000,-27841500
2015-02,Streets and Roadways,18371000,0,-27841500
2015-08,Streets and Roadways,48171000,29800000,-27841500
2016-01,Streets and Roadways,48171000,0,-27841500
2016-06,Streets and Roadways,48326000,155000,-27841500
2016-11,Streets and Roadways,104788450,56462450,-27841500
2017-04,Streets and Roadways,48111000,-56677450,-27841500
2015-02,Water Supply,65184476,1629627,2979083
2017-09,Streets and Roadways,27559000,-20552000,-27841500
2018-03,Streets and Roadways,27559000,0,-27841500
2013-09,Streets and Roadways,33727000,,55156000
2014-01,Streets and Roadways,32922000,-805000,55156000
2014-05,Streets and Roadways,32996000,74000,55156000
2015-02,Streets and Roadways,19872000,-13124000,55156000
2015-08,Streets and Roadways,20390000,518000,55156000
2016-01,Streets and Roadways,22384000,1994000,55156000
2016-06,Streets and Roadways,34959000,12575000,55156000
2016-11,Streets and Roadways,58706000,23747000,55156000
2015-08,Water Supply,64325161,-859315,2979083
2017-04,Streets and Roadways,88468000,29762000,55156000
2017-09,Water Supply,46482000,-2995000,-13726000
2017-09,Streets and Roadways,88883000,415000,55156000
2018-03,Streets and Roadways,88883000,0,55156000
2013-09,Water Supply,67459000,,-18630298
2014-01,Water Supply,67550000,91000,-18630298
2014-05,Water Supply,67610000,60000,-18630298
2015-02,Water Supply,56165000,-11445000,-18630298
2015-08,Water Supply,56237000,72000,-18630298
2016-01,Water Supply,56237000,0,-18630298
2016-01,Water Supply,64255265,-69897,2979083
2016-06,Water Supply,56237000,0,-18630298
2016-11,Water Supply,56237000,0,-18630298
2017-04,Water Supply,55987000,-250000,-18630298
2017-09,Water Supply,56059000,72000,-18630298
2018-03,Water Supply,48828702,-7230298,-18630298
2013-09,Streets and Roadways,33369000,,106246000
2014-01,Streets and Roadways,33419000,50000,106246000
2014-05,Streets and Roadways,33664000,245000,106246000
2015-02,Streets and Roadways,36507404,2843404,106246000
2015-08,Streets and Roadways,33814000,-2693404,106246000
2016-06,Water Supply,103885283,39630018,2979083
2016-01,Streets and Roadways,34791000,977000,106246000
2016-06,Streets and Roadways,35211000,420000,106246000
2016-11,Streets and Roadways,130762000,95551000,106246000
2017-04,Streets and Roadways,134439000,3677000,106246000
2017-09,Streets and Roadways,139615000,5176000,106246000
2018-03,Streets and Roadways,139615000,0,106246000
2013-09,Sewers,83801000,,21357000
2014-01,Sewers,82000000,-1801000,21357000
2014-05,Sewers,82000000,0,21357000
2015-02,Sewers,89000000,7000000,21357000
2016-11,Water Supply,64285939,-39599344,2979083
2015-08,Sewers,82601000,-6399000,21357000
2016-01,Sewers,69300000,-13301000,21357000
2016-06,Sewers,126819000,57519000,21357000
2016-11,Sewers,105228000,-21591000,21357000
2017-04,Sewers,105179000,-49000,21357000
2017-09,Sewers,105158000,-21000,21357000
2016-01,Schools,108357210,10622287,7008397
2018-03,Sewers,105158000,0,21357000
2014-01,Water Supply,44782000,0,32342000
2014-05,Water Supply,47449000,2667000,32342000
2016-06,Wastewater Treatment,169276393,2,-9736936
2017-04,Water Supply,68968085,4682146,2979083
2015-02,Water Supply,44838000,-2611000,32342000
2015-08,Water Supply,21448000,-23390000,32342000
2016-01,Water Supply,44838000,23390000,32342000
2016-06,Water Supply,86876000,42038000,32342000
2016-11,Water Supply,76827000,-10049000,32342000
2017-04,Water Supply,77969000,1142000,32342000
2017-09,Water Supply,77124000,-845000,32342000
2018-03,Water Supply,77124000,0,32342000
2013-09,Streets and Roadways,33171000,,13928000
2014-01,Streets and Roadways,28727000,-4444000,13928000
2017-09,Water Supply,69595518,627433,2979083
2014-05,Streets and Roadways,28787000,60000,13928000
2015-02,Streets and Roadways,37180000,8393000,13928000
2015-08,Streets and Roadways,37230000,50000,13928000
2016-01,Streets and Roadways,45453000,8223000,13928000
2016-06,Streets and Roadways,45953000,500000,13928000
2016-11,Streets and Roadways,9527000,-36426000,13928000
2017-04,Streets and Roadways,46929000,37402000,13928000
2017-09,Streets and Roadways,47099000,170000,13928000
2018-03,Streets and Roadways,47099000,0,13928000
2013-09,Streets and Roadways,33600000,,27180000
2018-03,Water Supply,69595518,0,2979083
2014-01,Streets and Roadways,36285000,2685000,27180000
2014-05,Streets and Roadways,36674000,389000,27180000
2015-02,Streets and Roadways,49317000,12643000,27180000
2015-08,Streets and Roadways,48317000,-1000000,27180000
2016-01,Streets and Roadways,46683000,-1634000,27180000
2016-06,Streets and Roadways,47094000,411000,27180000
2016-11,Streets and Roadways,60750000,13656000,27180000
2017-04,Streets and Roadways,19553000,-41197000,27180000
2017-09,Streets and Roadways,60780000,41227000,27180000
2018-03,Streets and Roadways,60780000,0,27180000
2013-09,Sewers,57121889,,-19625672
2013-09,Water Supply,39144000,,1072000
2014-01,Water Supply,37909000,-1235000,1072000
2016-06,Schools,133877492,25520282,7008397
2014-05,Water Supply,39806000,1897000,1072000
2015-02,Water Supply,38568000,-1238000,1072000
2015-08,Water Supply,38568000,0,1072000
2016-01,Water Supply,39803000,1235000,1072000
2016-06,Water Supply,40311000,508000,1072000
2016-11,Water Supply,40216000,-95000,1072000
2017-04,Water Supply,40216000,0,1072000
2014-01,Sewers,54787440,-2334449,-19625672
2017-09,Water Supply,40216000,0,1072000
2018-03,Water Supply,40216000,0,1072000
2013-09,Streets and Roadways,28136000,,-12318000
2014-01,Streets and Roadways,28136000,0,-12318000
2014-05,Streets and Roadways,28571000,435000,-12318000
2015-02,Streets and Roadways,29387000,816000,-12318000
2015-08,Streets and Roadways,29883000,496000,-12318000
2016-01,Streets and Roadways,32908000,3025000,-12318000
2016-06,Streets and Roadways,33063000,155000,-12318000
2017-04,Bridges,106590694,650609,-10949063
2014-05,Sewers,54787440,0,-19625672
2016-11,Streets and Roadways,58785000,25722000,-12318000
2017-04,Streets and Roadways,33001000,-25784000,-12318000
2017-09,Streets and Roadways,33196000,195000,-12318000
2018-03,Streets and Roadways,15818000,-17378000,-12318000
2013-09,Sewers,31218000,,30876000
2014-01,Sewers,47060000,15842000,30876000
2014-05,Sewers,47160000,100000,30876000
2015-02,Sewers,42421000,-4739000,30876000
2015-08,Sewers,42793000,372000,30876000
2016-01,Sewers,43545000,752000,30876000
2015-02,Sewers,46256510,-8530930,-19625672
2016-06,Sewers,43795000,250000,30876000
2016-11,Sewers,63915000,20120000,30876000
2017-04,Sewers,62074000,-1841000,30876000
2017-09,Sewers,55882000,-6192000,30876000
2018-03,Sewers,62094000,6212000,30876000
2013-09,IT,71837170,,13173125
2017-09,Water Supply,29010000,-455000,13000
2014-01,IT,86081293,14244124,13173125
2014-05,IT,56567640,-29513653,13173125
2015-02,IT,76038856,19471216,13173125
2015-08,Sewers,39594581,-6661929,-19625672
2015-08,IT,74111558,-1927298,13173125
2016-01,IT,73275918,-835640,13173125
2016-06,IT,73275918,0,13173125
2016-11,IT,77751471,4475553,13173125
2017-04,IT,84424443,6672972,13173125
2017-09,IT,85674005,1249562,13173125
2018-03,IT,85010295,-663710,13173125
2013-09,IT,2251691381,,-181119
2014-01,IT,2274921386,23230005,-181119
2014-05,IT,2271409187,-3512199,-181119
2016-01,Sewers,36476581,-3118000,-19625672
2015-02,IT,2270999707,-409480,-181119
2015-08,IT,2157312712,-113686995,-181119
2016-01,IT,2146517283,-10795429,-181119
2016-06,IT,2186648771,40131488,-181119
2016-11,IT,2206638748,19989977,-181119
2017-04,IT,2208534797,1896049,-181119
2017-09,IT,2211709080,3174283,-181119
2018-03,IT,2251510262,39801182,-181119
2013-09,Water Supply,28997000,,13000
2014-01,Water Supply,28997000,0,13000
2017-09,Bridges,334803920,-1890998,-26969866
2014-05,Water Supply,28997000,0,13000
2015-02,Water Supply,28997000,0,13000
2015-08,Water Supply,29008000,11000,13000
2016-01,Water Supply,29308000,300000,13000
2016-06,Water Supply,29399000,91000,13000
2016-11,Water Supply,29465000,66000,13000
2017-04,Water Supply,29465000,0,13000
2018-03,Water Supply,29010000,0,13000
2013-09,Sewers,36133000,,1892000
2014-01,Sewers,36238000,105000,1892000
2016-11,Wastewater Treatment,169674706,398313,-9736936
2016-06,Sewers,36476581,0,-19625672
2014-05,Sewers,36133000,-105000,1892000
2015-02,Sewers,34239000,-1894000,1892000
2015-08,Sewers,36210000,1971000,1892000
2016-01,Sewers,36662000,452000,1892000
2016-06,Sewers,38020000,1358000,1892000
2016-11,Sewers,37997000,-23000,1892000
2017-04,Sewers,37997000,0,1892000
2017-09,Sewers,38025000,28000,1892000
2018-03,Sewers,38025000,0,1892000
2013-09,Streets and Roadways,77879000,,23738000
2016-11,Sewers,36476581,0,-19625672
2014-01,Streets and Roadways,56496000,-21383000,23738000
2014-05,Streets and Roadways,68604000,12108000,23738000
2015-02,Streets and Roadways,103968000,35364000,23738000
2015-08,Streets and Roadways,96136000,-7832000,23738000
2016-01,Streets and Roadways,96746000,610000,23738000
2016-06,Streets and Roadways,96746000,0,23738000
2016-11,Streets and Roadways,96628000,-118000,23738000
2017-04,Streets and Roadways,101105000,4477000,23738000
2017-09,Streets and Roadways,101617000,512000,23738000
2018-03,Streets and Roadways,101617000,0,23738000
2017-04,Sewers,36476638,57,-19625672
2013-09,Sanitation,166932000,,15155000
2014-01,Sanitation,166932000,0,15155000
2014-05,Sanitation,167447000,515000,15155000
2015-02,Sanitation,168368000,921000,15155000
2015-08,Sanitation,186368000,18000000,15155000
2016-01,Sanitation,168908000,-17460000,15155000
2016-06,Sanitation,226540000,57632000,15155000
2016-11,Sanitation,185285264,-41254736,15155000
2017-04,Sanitation,175620000,-9665264,15155000
2017-09,Sanitation,175913000,293000,15155000
2017-09,Sewers,36719931,243293,-19625672
2018-03,Sanitation,182087000,6174000,15155000
2013-09,Sanitation,212315000,,35668000
2015-02,Sewers,54247000,29558000,101585000
2014-01,Sanitation,212118857,-196143,35668000
2014-05,Sanitation,198591000,-13527857,35668000
2015-02,Sanitation,217036000,18445000,35668000
2015-08,Sanitation,219155000,2119000,35668000
2016-01,Sanitation,220067000,912000,35668000
2016-06,Sanitation,226540000,6473000,35668000
2016-11,Sanitation,239909000,13369000,35668000
2018-03,Sewers,37496218,776287,-19625672
2017-04,Sanitation,239204000,-705000,35668000
2017-09,Sanitation,238311000,-893000,35668000
2018-03,Sanitation,247983000,9672000,35668000
2014-01,Wastewater Treatment,38300594,476550,6787374
2014-05,Wastewater Treatment,34899023,-3401571,6787374
2015-02,Wastewater Treatment,34899023,0,6787374
2015-08,Wastewater Treatment,40484222,5585199,6787374
2014-05,Sanitation,89783000,53841375,-935000
2016-01,Wastewater Treatment,41509583,1025361,6787374
2016-06,Wastewater Treatment,40468019,-1041564,6787374
2013-09,Wastewater Treatment,198134067,,29226109
2016-11,Wastewater Treatment,42855624,2387605,6787374
2017-04,Wastewater Treatment,39918112,-2937512,6787374
2017-09,Wastewater Treatment,40835112,917000,6787374
2018-03,Wastewater Treatment,44611418,3776306,6787374
2013-09,Wastewater Treatment,67000000,,81523850
2014-01,Wastewater Treatment,82500000,15500000,81523850
2015-02,Wastewater Treatment,69349124,-11050876,81523850
2015-08,Wastewater Treatment,101592641,32243517,81523850
2016-01,Wastewater Treatment,161871508,60278867,81523850
2016-06,Wastewater Treatment,151509097,-10362411,81523850
2014-01,Wastewater Treatment,209034169,10900102,29226109
2016-11,Wastewater Treatment,165979307,14470210,81523850
2017-04,Wastewater Treatment,187246681,21267374,81523850
2015-08,Schools,97734923,,7008397
2017-09,Wastewater Treatment,146423849,-40822832,81523850
2018-03,Wastewater Treatment,146423850,1,81523850
2013-09,IT,49500000,,108240000
2014-01,IT,49500000,0,108240000
2014-05,IT,49500000,0,108240000
2015-02,IT,70712500,21212500,108240000
2015-08,IT,70712500,0,108240000
2014-05,Wastewater Treatment,205416232,-3617937,29226109
2016-01,IT,118467640,47755140,108240000
2016-06,IT,118467640,0,108240000
2016-11,IT,131976211,13508571,108240000
2017-04,IT,131976211,0,108240000
2017-09,IT,142552383,10576172,108240000
2018-03,IT,157740000,15187617,108240000
2013-09,Sanitation,89608000,,-935000
2014-01,Sanitation,35941625,-53666375,-935000
2017-04,Water Supply,49477000,0,-13726000
2015-02,Sanitation,90008000,225000,-935000
2015-02,Wastewater Treatment,211461069,6044837,29226109
2015-08,Sanitation,88408000,-1600000,-935000
2016-01,Sanitation,90938000,2530000,-935000
2016-06,Sanitation,89993000,-945000,-935000
2016-11,Sanitation,87533000,-2460000,-935000
2017-04,Sanitation,88397000,864000,-935000
2017-09,Sanitation,88673000,276000,-935000
2018-03,Sanitation,88673000,0,-935000
2013-09,Sanitation,61077000,,34204000
2014-01,Sanitation,61077000,0,34204000
2014-05,Sanitation,89734000,28657000,34204000
2015-08,Wastewater Treatment,214798049,3336980,29226109
2015-02,Sanitation,89734000,0,34204000
2015-08,Sanitation,89734000,0,34204000
2016-01,Sanitation,89608000,-126000,34204000
2016-06,Sanitation,86005000,-3603000,34204000
2016-11,Sanitation,87563311,1558311,34204000
2017-04,Sanitation,84946000,-2617311,34204000
2017-09,Sanitation,88884000,3938000,34204000
2018-03,Sanitation,95281000,6397000,34204000
2013-09,"Bridges, Streets and Roadways",27500000,,13750000
2014-01,"Bridges, Streets and Roadways",27500000,0,13750000
2017-04,Wastewater Treatment,174177416,4502710,-9736936
2016-01,Wastewater Treatment,216539412,1741363,29226109
2014-05,"Bridges, Streets and Roadways",27500000,0,13750000
2015-02,"Bridges, Streets and Roadways",27500000,0,13750000
2015-08,"Bridges, Streets and Roadways",27500000,0,13750000
2016-01,"Bridges, Streets and Roadways",27500000,0,13750000
2016-06,"Bridges, Streets and Roadways",27500000,0,13750000
2016-11,"Bridges, Streets and Roadways",45140190,17640190,13750000
2017-04,"Bridges, Streets and Roadways",26732122,-18408068,13750000
2017-09,"Bridges, Streets and Roadways",41250000,14517878,13750000
2018-03,"Bridges, Streets and Roadways",41250000,0,13750000
2013-09,Streets and Roadways,46595000,,26415947
2016-06,Wastewater Treatment,218544079,2004667,29226109
2014-01,Streets and Roadways,47280551,685551,26415947
2014-05,Streets and Roadways,41004540,-6276011,26415947
2015-02,Streets and Roadways,70410218,29405678,26415947
2015-08,Streets and Roadways,122818619,52408401,26415947
2016-01,Streets and Roadways,122217148,-601471,26415947
2016-06,Streets and Roadways,124162148,1945000,26415947
2016-11,Streets and Roadways,124027148,-135000,26415947
2017-04,Streets and Roadways,72002148,-52025000,26415947
2017-09,Streets and Roadways,72952147,949999,26415947
2018-03,Streets and Roadways,73010947,58800,26415947
2016-11,Wastewater Treatment,218126810,-417269,29226109
2013-09,Wastewater Treatment,41800000,,25453660
2014-01,Wastewater Treatment,40200000,-1600000,25453660
2014-05,Wastewater Treatment,42140000,1940000,25453660
2015-02,Wastewater Treatment,54200000,12060000,25453660
2015-08,Wastewater Treatment,53900000,-300000,25453660
2016-01,Wastewater Treatment,53900000,0,25453660
2016-06,Wastewater Treatment,54900000,1000000,25453660
2016-11,Wastewater Treatment,54900000,0,25453660
2018-03,Schools,132668794,13681718,26546912
2017-04,Wastewater Treatment,55000000,100000,25453660
2017-04,Wastewater Treatment,221435079,3308269,29226109
2017-09,Wastewater Treatment,65920000,10920000,25453660
2018-03,Wastewater Treatment,67253660,1333660,25453660
2014-05,Wastewater Treatment,58950000,-650000,19860947
2016-01,Wastewater Treatment,48757259,10407259,19860947
2016-06,Wastewater Treatment,50250000,1492741,19860947
2016-11,Wastewater Treatment,39000000,-11250000,19860947
2017-04,Wastewater Treatment,41000000,2000000,19860947
2017-09,Wastewater Treatment,60697621,19697621,19860947
2018-03,Wastewater Treatment,58860947,-1836673,19860947
2015-02,Wastewater Treatment,25804000,5952000,29611000
2017-09,Wastewater Treatment,220461167,-973911,29226109
2015-08,Wastewater Treatment,27688000,1884000,29611000
2016-01,Wastewater Treatment,27688000,0,29611000
2016-06,Wastewater Treatment,27738000,50000,29611000
2016-11,Wastewater Treatment,28144000,406000,29611000
2017-04,Wastewater Treatment,51380000,23236000,29611000
2017-09,Wastewater Treatment,49463000,-1917000,29611000
2018-03,Wastewater Treatment,49463000,0,29611000
2015-08,Sewers,34515000,0,12124000
2016-01,Sewers,34513700,-1300,12124000
2016-06,Sewers,34513700,0,12124000
2018-03,Wastewater Treatment,227360176,6899009,29226109
2016-11,Sewers,39968000,5454300,12124000
2017-04,Sewers,50180000,10212000,12124000
2017-09,Sewers,46639000,-3541000,12124000
2018-03,Sewers,46639000,0,12124000
2015-08,Sewers,58123000,1289000,4424000
2016-01,Sewers,32075000,-26048000,4424000
2016-06,Sewers,32145000,70000,4424000
2016-11,Sewers,46054000,13909000,4424000
2017-04,Sewers,47649000,1595000,4424000
2017-09,Sewers,61258000,13609000,4424000
2013-09,Wastewater Treatment,463790739,,-14341168
2018-03,Sewers,61258000,0,4424000
2016-11,Sewers,44380200,1412500,1984300
2017-04,Sewers,44570000,189800,1984300
2017-09,Sewers,42970,-44527030,1984300
2018-03,Sewers,44952000,44909030,1984300
2013-09,Streets and Roadways,63505000,,44275000
2014-01,Streets and Roadways,93505000,30000000,44275000
2014-05,Streets and Roadways,93505000,0,44275000
2015-02,Streets and Roadways,82194000,-11311000,44275000
2015-08,Streets and Roadways,81194000,-1000000,44275000
2014-01,Wastewater Treatment,476623871,12833132,-14341168
2016-01,Streets and Roadways,83179000,1985000,44275000
2016-06,Streets and Roadways,104338000,21159000,44275000
2016-11,Streets and Roadways,103550000,-788000,44275000
2017-04,Streets and Roadways,107649000,4099000,44275000
2017-09,Streets and Roadways,107780000,131000,44275000
2018-03,Streets and Roadways,107780000,0,44275000
2013-09,Libraries,27328000,,17708530
2014-01,Libraries,27553000,225000,17708530
2014-05,Libraries,27328000,-225000,17708530
2015-02,Libraries,35209000,7881000,17708530
2014-05,Wastewater Treatment,441193700,-35430171,-14341168
2015-08,Libraries,38504000,3295000,17708530
2016-01,Libraries,38504000,0,17708530
2016-06,Libraries,39409000,905000,17708530
2016-11,Libraries,43203000,3794000,17708530
2017-04,Libraries,43203000,0,17708530
2017-09,Libraries,46749000,3546000,17708530
2018-03,Libraries,45036530,-1712470,17708530
2013-09,Water Supply,60208000,,-13726000
2014-01,Water Supply,60208000,0,-13726000
2014-05,Water Supply,60318000,110000,-13726000
2015-02,Wastewater Treatment,478675877,37482177,-14341168
2015-02,Water Supply,59956000,-362000,-13726000
2015-08,Water Supply,60802000,846000,-13726000
2016-01,Water Supply,60802000,0,-13726000
2016-06,Water Supply,60663000,-139000,-13726000
2016-11,Water Supply,49477000,-11186000,-13726000
2018-03,Water Supply,46482000,0,-13726000
2015-02,Water Supply,50749000,96000,14929000
2015-08,Water Supply,50873000,124000,14929000
2016-01,Water Supply,53185000,2312000,14929000
2016-06,Water Supply,53824000,639000,14929000
2017-09,Wastewater Treatment,175128410,950994,-9736936
2015-08,Wastewater Treatment,479781786,1105909,-14341168
2016-11,Water Supply,71914000,18090000,14929000
2017-04,Water Supply,66654000,-5260000,14929000
2017-09,Water Supply,65582000,-1072000,14929000
2018-03,Water Supply,65582000,0,14929000
2014-01,Sewers,33473000,0,34830000
2014-05,Sewers,33553000,80000,34830000
2015-02,Sewers,33889000,336000,34830000
2015-08,Sewers,66644000,32755000,34830000
2016-01,Sewers,66644000,0,34830000
2016-06,Sewers,66694000,50000,34830000
2016-01,Wastewater Treatment,447872305,-31909481,-14341168
2016-11,Sewers,66601000,-93000,34830000
2017-04,Sewers,68682000,2081000,34830000
2017-09,Sewers,68303000,-379000,34830000
2018-03,Arts and Culture,76040000,0,15000
2018-03,Sewers,68303000,0,34830000
2013-09,Sewers,330000000,,-109046246
2014-01,Sewers,161923532,-168076468,-109046246
2014-05,Sewers,184905933,22982401,-109046246
2015-02,Sewers,387902478,202996545,-109046246
2015-08,Sewers,330000000,-57902478,-109046246
2016-06,Wastewater Treatment,447943227,70922,-14341168
2016-01,Sewers,378000000,48000000,-109046246
2016-06,Sewers,330000000,-48000000,-109046246
2016-11,Sewers,330000000,0,-109046246
2017-04,Sewers,206383269,-123616731,-109046246
2017-09,Sewers,212613269,6230000,-109046246
2018-03,Sewers,220953754,8340485,-109046246
2013-09,IT,748878284,,15184947
2014-01,IT,748878284,0,15184947
2014-05,IT,748878284,0,15184947
2015-02,IT,764063231,15184947,15184947
2016-11,Wastewater Treatment,451609323,3666095,-14341168
2015-08,IT,764063231,0,15184947
2016-01,IT,764063231,0,15184947
2016-06,IT,764063231,0,15184947
2016-11,IT,764063231,0,15184947
2017-04,IT,764063231,0,15184947
2017-09,IT,764063231,0,15184947
2018-03,IT,764063231,0,15184947
2013-09,Water Supply,189021811,,16438674
2014-01,Water Supply,188578811,-443000,16438674
2014-05,Water Supply,223221213,34642402,16438674
2017-04,Wastewater Treatment,477952273,26342951,-14341168
2015-02,Water Supply,226724491,3503278,16438674
2015-08,Water Supply,195762213,-30962278,16438674
2016-01,Water Supply,195807563,45350,16438674
2016-06,Water Supply,201363038,5555475,16438674
2016-11,Water Supply,205536850,4173812,16438674
2017-04,Water Supply,204690536,-846314,16438674
2017-09,Water Supply,205401376,710840,16438674
2018-03,Water Supply,205460485,59109,16438674
2013-09,Water Supply,37477201,,27046024
2014-01,Water Supply,46953495,9476294,27046024
2017-09,Wastewater Treatment,449422103,-28530170,-14341168
2014-05,Water Supply,47017495,64000,27046024
2015-02,Water Supply,45648239,-1369256,27046024
2015-08,Water Supply,45128381,-519858,27046024
2016-01,Water Supply,49413678,4285297,27046024
2016-06,Water Supply,50258630,844952,27046024
2016-11,Water Supply,53848013,3589383,27046024
2017-04,Water Supply,65207241,11359228,27046024
2017-09,Water Supply,65790425,583184,27046024
2018-03,Water Supply,64523225,-1267200,27046024
2013-09,Water Supply,705914042,,183751333
2018-03,Wastewater Treatment,449449571,27467,-14341168
2014-01,Water Supply,705942366,28324,183751333
2014-05,Water Supply,705669366,-273000,183751333
2015-02,Water Supply,731257855,25588489,183751333
2015-08,Water Supply,866526960,135269105,183751333
2016-01,Water Supply,852452143,-14074817,183751333
2016-06,Water Supply,872623279,20171136,183751333
2016-11,Water Supply,874643998,2020719,183751333
2017-04,Water Supply,902209764,27565766,183751333
2017-09,Water Supply,887887354,-14322409,183751333
2018-03,Water Supply,889665375,1778020,183751333
2013-09,Water Supply,243648927,,25965126
2013-09,Wastewater Treatment,2350758929,,278326782
2014-01,Wastewater Treatment,2372050993,21292064,278326782
2014-05,Wastewater Treatment,2522649921,150598928,278326782
2015-02,Wastewater Treatment,2551454556,28804635,278326782
2015-08,Wastewater Treatment,2467666085,-83788471,278326782
2016-01,Wastewater Treatment,2594050594,126384509,278326782
2016-06,Wastewater Treatment,2604881557,10830963,278326782
2016-11,Wastewater Treatment,2618132213,13250656,278326782
2014-05,Sewers,24689000,,101585000
2017-04,Wastewater Treatment,2618596380,464167,278326782
2014-01,Water Supply,250290726,6641800,25965126
2017-09,Wastewater Treatment,2631660649,13064269,278326782
2018-03,Wastewater Treatment,2629085711,-2574938,278326782
2014-01,Water Supply,25664338,,9761917
2014-05,Water Supply,27450408,1786070,9761917
2015-02,Water Supply,28206030,755622,9761917
2015-08,Water Supply,28963828,757798,9761917
2016-01,Water Supply,30177544,1213717,9761917
2016-06,Water Supply,31095034,917489,9761917
2016-11,Water Supply,31660474,565441,9761917
2017-04,Water Supply,32101507,441033,9761917
2014-05,Water Supply,257698200,7407474,25965126
2017-09,Water Supply,33376211,1274704,9761917
2018-03,Water Supply,35426255,2050044,9761917
2014-01,Wastewater Treatment,152982920,,80445786
2014-05,Wastewater Treatment,156362904,3379984,80445786
2015-02,Wastewater Treatment,154456595,-1906309,80445786
2015-08,Wastewater Treatment,194860876,40404281,80445786
2016-01,Wastewater Treatment,220178933,25318057,80445786
2016-06,Wastewater Treatment,225333917,5154984,80445786
2016-11,Wastewater Treatment,237947280,12613363,80445786
2017-04,Wastewater Treatment,225161153,-12786127,80445786
2018-03,Wastewater Treatment,175159424,31015,-9736936
2015-02,Water Supply,276909575,19211375,25965126
2017-09,Wastewater Treatment,228432457,3271304,80445786
2018-03,Wastewater Treatment,233428706,4996249,80445786
2014-05,Water Supply,22687000,,35080000
2015-02,Water Supply,58858000,36171000,35080000
2015-08,Water Supply,58540000,-318000,35080000
2016-01,Water Supply,57375000,-1165000,35080000
2016-06,Water Supply,57565000,190000,35080000
2016-11,Water Supply,57749000,184000,35080000
2017-04,Water Supply,57743000,-6000,35080000
2016-11,Bridges,105940085,3605491,-10949063
2015-08,Water Supply,267657978,-9251597,25965126
2017-09,Water Supply,57767000,24000,35080000
2018-03,Water Supply,57767000,0,35080000
2014-05,Streets and Roadways,27925000,,6151000
2015-02,Streets and Roadways,27802000,-123000,6151000
2015-08,Streets and Roadways,27213000,-589000,6151000
2016-01,Streets and Roadways,32342000,5129000,6151000
2016-06,Streets and Roadways,30879000,-1463000,6151000
2016-11,Streets and Roadways,32952000,2073000,6151000
2017-04,Streets and Roadways,32952000,0,6151000
2017-09,Streets and Roadways,34076000,1124000,6151000
2016-01,Water Supply,271699221,4041243,25965126
2018-03,Streets and Roadways,34076000,0,6151000
2014-05,Arts and Culture,76025000,,15000
2015-02,Arts and Culture,76540000,515000,15000
2015-08,Arts and Culture,76540000,0,15000
2016-01,Arts and Culture,76540000,0,15000
2016-06,Arts and Culture,76540000,0,15000
2016-11,Arts and Culture,76040000,-500000,15000
2017-04,Arts and Culture,76040000,0,15000
2017-09,Arts and Culture,76040000,0,15000
2015-08,Sewers,95366000,41119000,101585000
2016-06,Water Supply,271699221,0,25965126
2016-01,Sewers,95653000,287000,101585000
2016-06,Sewers,125932000,30279000,101585000
2016-11,Sewers,126541891,609891,101585000
2017-04,Sewers,126393000,-148891,101585000
2017-09,Sewers,126274000,-119000,101585000
2018-03,Sewers,126274000,0,101585000
2015-02,"Parks, Streets and Roadways",104845547,,-134936
2015-08,"Parks, Streets and Roadways",104845547,0,-134936
2016-01,"Parks, Streets and Roadways",104845547,0,-134936
2016-06,"Parks, Streets and Roadways",104568179,-277368,-134936
2016-11,Water Supply,270859275,-839946,25965126
2016-11,"Parks, Streets and Roadways",104845547,277368,-134936
2017-04,"Parks, Streets and Roadways",100602826,-4242721,-134936
2017-09,"Parks, Streets and Roadways",104945547,4342721,-134936
2018-03,"Parks, Streets and Roadways",104710611,-234936,-134936
2015-02,Schools,106121882,,26546912
2015-08,Schools,113802243,7680361,26546912
2016-01,Schools,115315217,1512974,26546912
2016-06,Schools,116313880,998663,26546912
2016-11,Schools,119092219,2778339,26546912
2017-04,Schools,118987076,-105143,26546912
2017-04,Water Supply,267581016,-3278260,25965126
2017-09,Bridges,90271620,-16319074,-10949063
2018-03,Bridges,91385531,1113911,-10949063
2015-02,Wastewater Treatment,51196478,,-693765
2015-08,Wastewater Treatment,42918306,-8278172,-693765
2016-01,Wastewater Treatment,44670495,1752189,-693765
2016-06,Wastewater Treatment,35199444,-9471051,-693765
2016-11,Wastewater Treatment,56619791,21420347,-693765
2017-04,Wastewater Treatment,56470712,-149079,-693765
2017-09,Wastewater Treatment,56470712,0,-693765
2018-03,Wastewater Treatment,50502713,-5967999,-693765
2017-09,Water Supply,268146760,565744,25965126
2016-06,Water Supply,58800000,0,-9262080
2016-11,Water Supply,61439197,2639197,-9262080
2017-04,Water Supply,34306267,-27132930,-9262080
2017-09,Water Supply,40898507,6592240,-9262080
2018-03,Water Supply,49537920,8639413,-9262080
2016-06,Wastewater Treatment,44206645,-7155355,2627498
2016-11,Wastewater Treatment,47273291,3066646,2627498
2017-04,Wastewater Treatment,43164077,-4109214,2627498
2017-09,Wastewater Treatment,54063510,10899433,2627498
2018-03,Wastewater Treatment,53989498,-74012,2627498
2018-03,Water Supply,269614053,1467293,25965126
2017-04,Wastewater Treatment,46456631,0,33043369
2017-09,Wastewater Treatment,68456631,22000000,33043369
2018-03,Wastewater Treatment,79500000,11043369,33043369
2015-08,Water Supply,46802000,,544000
2016-01,Water Supply,46802000,0,544000
2016-06,Water Supply,46982000,180000,544000
2016-11,Water Supply,47184462,202462,544000
2017-04,Water Supply,47144000,-40462,544000
2017-09,Water Supply,47346000,202000,544000
2018-03,Water Supply,47346000,0,544000
2013-09,Parks,60000000,,0
2015-08,Water Supply,16378000,,20118000
2016-01,Water Supply,36085000,19707000,20118000
2016-06,Water Supply,35722000,-363000,20118000
2016-11,Water Supply,35677000,-45000,20118000
2017-04,Water Supply,35677000,0,20118000
2017-09,Water Supply,36496000,819000,20118000
2018-03,Water Supply,36496000,0,20118000
2016-11,Schools,98580318,-35297174,7008397
2017-04,Schools,104462311,5881993,7008397
2018-03,Schools,104743320,281009,7008397
2014-01,Parks,46487967,-13512033,0
2015-08,Public Safety and Criminal Justice,41925000,,1729000
2016-01,Public Safety and Criminal Justice,42125000,200000,1729000
2016-06,Public Safety and Criminal Justice,43375000,1250000,1729000
2016-11,Public Safety and Criminal Justice,43528000,153000,1729000
2017-04,Public Safety and Criminal Justice,43718000,190000,1729000
2017-09,Public Safety and Criminal Justice,43648000,-70000,1729000
2018-03,Public Safety and Criminal Justice,43654000,6000,1729000
2015-08,Streets and Roadways,26798900,,143608000
2016-06,Streets and Roadways,190799900,164001000,143608000
2017-04,Streets and Roadways,20459141,-903000,38282141
2013-09,Wastewater Treatment,165677950,,-35664433
2014-05,Parks,46487967,0,0
2017-09,Streets and Roadways,57959141,37500000,38282141
2016-11,Streets and Roadways,190217900,-582000,143608000
2017-04,Streets and Roadways,190406900,189000,143608000
2017-09,Streets and Roadways,171463900,-18943000,143608000
2018-03,Streets and Roadways,170406900,-1057000,143608000
2016-06,Streets and Roadways,17770000,350000,38282141
2016-11,Streets and Roadways,21362141,3592141,38282141
2016-06,Schools,58552774,2119646,5259055
2018-03,Streets and Roadways,55702141,-2257000,38282141
2015-08,Streets and Roadways,32591000,,10365000
2015-02,Parks,60171327,13683360,0
2016-01,Streets and Roadways,32491000,-100000,10365000
2016-06,Streets and Roadways,32721000,230000,10365000
2016-11,Streets and Roadways,44996000,12275000,10365000
2017-04,Streets and Roadways,52972000,7976000,10365000
2017-09,Streets and Roadways,32727000,-20245000,10365000
2018-03,Streets and Roadways,42956000,10229000,10365000
2016-06,Streets and Roadways,32330000,500000,7266733
2016-11,Streets and Roadways,29876000,-2454000,7266733
2017-04,Streets and Roadways,30747681,871681,7266733
2017-09,Streets and Roadways,37786199,7038518,7266733
2015-08,Parks,65849016,5677689,0
2018-03,Streets and Roadways,39096733,1310534,7266733
2015-08,Streets and Roadways,24248000,,3725000
2016-11,Schools,58481794,-70980,5259055
2016-01,Streets and Roadways,24278000,30000,3725000
2016-06,Streets and Roadways,24768000,490000,3725000
2016-11,Streets and Roadways,33105000,8337000,3725000
2017-04,Streets and Roadways,28591000,-4514000,3725000
2017-09,Streets and Roadways,27973000,-618000,3725000
2018-03,Streets and Roadways,27973000,0,3725000
2016-06,Streets and Roadways,63329000,24855000,25600000
2016-01,Parks,60000000,-5849016,0
2016-11,Streets and Roadways,63254000,-75000,25600000
2017-04,Streets and Roadways,63554000,300000,25600000
2017-09,Streets and Roadways,64074000,520000,25600000
2018-03,Streets and Roadways,64074000,0,25600000
2016-11,Streets and Roadways,84895600,-31920000,-94275600
2017-04,Streets and Roadways,53661000,-31234600,-94275600
2017-09,Streets and Roadways,53427600,-233400,-94275600
2017-04,Parks,3338260,-22553164,0
2018-03,Streets and Roadways,22540000,-30887600,-94275600
2016-01,Water Supply,227874512,,16647359
2016-06,Parks,60000000,0,0
2016-06,Water Supply,187040468,-40834044,16647359
2016-11,Water Supply,186745174,-295294,16647359
2017-04,Water Supply,243639057,56893883,16647359
2017-09,Water Supply,245306804,1667747,16647359
2018-03,Water Supply,244521871,-784933,16647359
2016-01,Industrial Development,100000000,,29898000
2016-06,Industrial Development,100000000,0,29898000
2016-11,Industrial Development,100000000,0,29898000
2017-04,Industrial Development,100000000,0,29898000
2017-09,Industrial Development,108500000,8500000,29898000
2016-11,Parks,60000000,0,0
2018-03,Industrial Development,129898000,21398000,29898000
2016-01,Parks,25891424,,0
2016-06,Parks,25891424,0,0
2016-11,Parks,25891424,0,0
2017-09,Parks,25891424,22553164,0
2018-03,Parks,25891424,0,0
2016-01,Industrial Development,133975826,,0
2016-06,Industrial Development,133975826,0,0
2016-11,Industrial Development,167264872,33289046,0
2017-04,Industrial Development,21198989,-146065883,0
2017-04,Parks,37452289,-22547711,0
2017-09,Industrial Development,149084373,127885384,0
2018-03,Industrial Development,133975826,-15108547,0
2016-01,Arts and Culture,34527991,,-1694778
2016-06,Arts and Culture,34527991,0,-1694778
2016-11,Arts and Culture,34527721,-270,-1694778
2017-04,Arts and Culture,7326031,-27201690,-1694778
2017-09,Arts and Culture,32833212,25507181,-1694778
2018-03,Arts and Culture,32833212,0,-1694778
2016-01,Schools,27288210,,-680318
2016-06,Schools,27289346,1136,-680318
2017-09,Parks,60000000,22547711,0
2016-11,Schools,22531541,-4757805,-680318
2017-04,Schools,22985334,453793,-680318
2018-03,Schools,26607892,3622558,-680318
2016-01,Schools,87410972,,-10113131
2016-06,Schools,87754218,343246,-10113131
2016-11,Schools,82020177,-5734041,-10113131
2017-04,Schools,73617470,-8402707,-10113131
2018-03,Schools,77297841,3680371,-10113131
2016-01,Schools,56433128,,5259055
2017-04,Schools,59605507,1123713,5259055
2018-03,Parks,60000000,0,0
2018-03,Schools,61692183,2086676,5259055
2016-01,Schools,108664323,,1741262
2016-06,Schools,108762425,98102,1741262
2016-11,Schools,106671169,-2091256,1741262
2017-04,Schools,106777173,106004,1741262
2018-03,Schools,110405585,3628412,1741262
2016-01,Schools,53818487,,30064183
2016-06,Schools,70987890,17169403,30064183
2016-11,Schools,76168808,5180918,30064183
2017-04,Schools,98582881,22414073,30064183
2013-09,Parks,151346238,,18216708
2018-03,Schools,83882670,-14700211,30064183
2016-01,Schools,69359985,,4234657
2016-06,Schools,72212529,2852544,4234657
2016-11,Schools,69038114,-3174415,4234657
2017-04,Schools,86062515,17024401,4234657
2018-03,Schools,73594642,-12467873,4234657
2016-01,Schools,107408992,,-7411755
2016-06,Schools,121566544,14157552,-7411755
2016-11,Schools,103560400,-18006144,-7411755
2017-04,Schools,100306281,-3254119,-7411755
